sample,group,expression
S1,Control,5.23
S2,Control,6.71
S3,Control,4.96
S4,Control,7.82
S5,Control,5.77
S6,Control,6.12
S7,Control,8.31
S8,Control,5.44
S9,Control,7.26
S10,Control,6.49
S11,Control,4.37
S12,Control,7.93
S13,Control,6.64
S14,Control,5.01
S15,Control,7.05
S16,Control,5.89
S17,Control,8.72
S18,Control,6.33
S19,Control,4.62
S20,Control,7.41
S21,Control,6.90
S22,Control,5.58
S23,Control,8.14
S24,Control,7.36
S25,Control,6.27
S26,Control,4.80
S27,Control,7.70
S28,Control,5.32
S29,Control,6.85
S30,Control,8.47
S31,Control,6.04
S32,Control,5.17
S33,Control,7.19
S34,Control,4.49
S35,Control,7.53
S36,Control,6.55
S37,Control,8.02
S38,Control,5.66
S39,Control,6.39
S40,Control,4.75
S41,Control,7.22
S42,Control,5.94
S43,Control,8.28
S44,Control,6.77
S45,Control,5.29
S46,Control,7.64
S47,Control,6.17
S48,Control,4.54
S49,Control,7.88
S50,Control,6.43
S51,Treatment1,9.72
S52,Treatment1,11.34
S53,Treatment1,8.66
S54,Treatment1,12.57
S55,Treatment1,10.21
S56,Treatment1,11.83
S57,Treatment1,9.15
S58,Treatment1,13.06
S59,Treatment1,10.74
S60,Treatment1,12.28
S61,Treatment1,8.33
S62,Treatment1,11.51
S63,Treatment1,9.97
S64,Treatment1,12.79
S65,Treatment1,10.45
S66,Treatment1,13.32
S67,Treatment1,9.40
S68,Treatment1,11.08
S69,Treatment1,8.81
S70,Treatment1,12.03
S71,Treatment1,10.89
S72,Treatment1,13.17
S73,Treatment1,9.56
S74,Treatment1,11.66
S75,Treatment1,10.12
S76,Treatment1,12.42
S77,Treatment1,8.48
S78,Treatment1,11.20
S79,Treatment1,9.83
S80,Treatment1,12.91
S81,Treatment1,10.60
S82,Treatment1,13.44
S83,Treatment1,9.27
S84,Treatment1,11.95
S85,Treatment1,8.70
S86,Treatment1,12.16
S87,Treatment1,10.33
S88,Treatment1,11.42
S89,Treatment1,9.69
S90,Treatment1,13.25
S91,Treatment1,10.96
S92,Treatment1,8.57
S93,Treatment1,12.63
S94,Treatment1,9.91
S95,Treatment1,11.78
S96,Treatment1,10.52
S97,Treatment1,13.01
S98,Treatment1,9.38
S99,Treatment1,11.13
S100,Treatment1,8.94
S101,Treatment2,13.87
S102,Treatment2,15.22
S103,Treatment2,12.49
S104,Treatment2,16.74
S105,Treatment2,14.31
S106,Treatment2,15.96
S107,Treatment2,13.15
S108,Treatment2,17.28
S109,Treatment2,14.88
S110,Treatment2,16.35
S111,Treatment2,12.04
S112,Treatment2,15.47
S113,Treatment2,13.99
S114,Treatment2,16.91
S115,Treatment2,14.53
S116,Treatment2,17.63
S117,Treatment2,13.37
S118,Treatment2,15.70
S119,Treatment2,12.71
S120,Treatment2,16.13
S121,Treatment2,14.99
S122,Treatment2,17.42
S123,Treatment2,13.56
S124,Treatment2,15.88
S125,Treatment2,14.22
S126,Treatment2,16.57
S127,Treatment2,12.29
S128,Treatment2,15.10
S129,Treatment2,13.73
S130,Treatment2,17.05
S131,Treatment2,14.67
S132,Treatment2,17.76
S133,Treatment2,13.24
S134,Treatment2,16.26
S135,Treatment2,12.58
S136,Treatment2,15.59
S137,Treatment2,14.40
S138,Treatment2,16.82
S139,Treatment2,13.68
S140,Treatment2,17.54
S141,Treatment2,15.07
S142,Treatment2,12.36
S143,Treatment2,16.44
S144,Treatment2,13.85
S145,Treatment2,15.99
S146,Treatment2,14.74
S147,Treatment2,17.19
S148,Treatment2,13.43
S149,Treatment2,15.33
S150,Treatment2,12.84